Month,City,Temperature,WindSpeed,WindDirection,BarometricPressure,Visibility,Clouds,Humidity
2000-01,0,-3.3,0.7056451612903226,114.59677419354838,1026.3814516129032,75.32661290322581,5.774193548387097,79.37903225806451
2000-01,1,-9.169354838709678,2.596774193548387,157.45967741935485,1022.1370967741935,97.12903225806451,8.580645161290322,82.18548387096774
2000-02,0,-2.942241379310345,0.853448275862069,150.08620689655172,1026.8818965517241,78.01724137931035,4.991379310344827,71.61206896551724
2000-02,1,-6.915948275862069,2.7370689655172415,160.17241379310346,1022.0560344827586,97.21551724137932,7.504310344827586,82.65517241379311
2000-03,0,4.08508064516129,1.0040322580645162,169.29435483870967,1023.0600806451613,79.83870967741936,5.923387096774194,62.91129032258065
2000-03,1,-5.866129032258065,1.3024193548387097,91.5725806451613,1022.9512096774193,97.12096774193549,5.745967741935484,81.72983870967742
2000-04,0,14.516250000000001,1.2416666666666667,168.58333333333334,1015.7345833333333,84.44583333333334,6.983333333333333,50.275
2000-04,1,10.6075,2.025,97.79166666666667,1016.5341666666667,97.38333333333334,5.179166666666666,67.3125
2000-05,0,18.81048387096774,1.2258064516129032,144.97177419354838,1011.4592741935484,87.76209677419355,6.55241935483871,53.899193548387096
2000-05,1,11.030645161290321,3.4596774193548385,186.0483870967742,1010.2798387096774,97.56854838709677,6.713709677419355,65.64516129032258
2000-06,0,22.047083333333333,1.2375,145.125,1007.5866666666666,89.925,6.258333333333334,48.80833333333333
2000-06,1,20.967916666666667,2.091666666666667,147.29166666666666,1008.0979166666667,97.5875,4.820833333333334,58.079166666666666
2000-07,0,24.616129032258065,1.1169354838709677,159.5766129032258,1004.9016129032258,90.5,6.104838709677419,45.693548387096776
2000-07,1,22.237903225806452,1.3629032258064515,92.29838709677419,1011.5790322580646,97.58064516129032,4.314516129032258,66.75
2000-08,0,24.337903225806453,1.2379032258064515,160.0,1006.5467741935485,87.31048387096774,4.794354838709677,41.86693548387097
2000-08,1,21.519354838709678,1.8588709677419355,142.78225806451613,1011.7645161290322,97.6008064516129,4.056451612903226,53.95161290322581
2000-09,0,18.546666666666667,0.9833333333333333,155.6875,1012.8458333333333,84.57916666666667,4.65,45.954166666666666
2000-09,1,12.225,2.0166666666666666,157.66666666666666,1015.3229166666666,97.47916666666667,5.479166666666667,60.15833333333333
2000-10,0,6.1875,0.8467741935483871,119.81451612903226,1024.7112903225807,80.16532258064517,6.991935483870968,77.15725806451613
2000-10,1,3.045967741935484,1.2540322580645162,114.62096774193549,1026.8790322580646,97.38306451612904,6.012096774193548,73.74193548387096
2000-11,0,0.3366666666666667,0.825,145.70833333333334,1029.3604166666667,77.6,7.304166666666666,78.32916666666667
2000-11,1,-4.243333333333333,1.5583333333333333,122.33333333333333,1032.22,97.15416666666667,6.175,75.12083333333334
2000-12,0,-0.31895161290322577,0.8104838709677419,142.33870967741936,1027.042741935484,65.78225806451613,6.911290322580645,83.79032258064517
2000-12,1,-7.206854838709678,3.056451612903226,162.98387096774192,1021.9979838709677,97.11693548387096,8.846774193548388,86.64112903225806
2001-01,0,-5.393548387096774,0.875,147.98387096774192,1029.8512096774193,78.68145161290323,7.629032258064516,77.1975806451613
2001-01,1,-9.553225806451612,2.588709677419355,193.26612903225808,1025.8584677419356,97.09274193548387,8.34274193548387,86.43951612903226
2001-02,0,-1.8066964285714284,0.8348214285714286,141.91964285714286,1025.0517857142856,82.26785714285714,7.875,80.58482142857143
2001-02,1,-11.229017857142859,3.4642857142857144,148.83928571428572,1021.275,97.03571428571429,7.107142857142857,83.76785714285714
2001-03,0,6.91008064516129,1.0564516129032258,157.09677419354838,1021.1036290322581,92.13709677419355,6.17741935483871,63.846774193548384
2001-03,1,-1.7959677419354838,2.6129032258064515,165.28225806451613,1017.3282258064515,97.27822580645162,7.471774193548387,83.80645161290323
2001-04,0,10.787083333333333,1.1125,164.72916666666666,1019.1404166666667,96.34166666666667,6.354166666666667,62.333333333333336
2001-04,1,9.307500000000001,2.058333333333333,111.625,1020.6237500000001,97.41666666666667,5.1875,60.1875
2001-05,0,20.219354838709677,1.157258064516129,158.68951612903226,1010.5520161290323,96.75,6.133064516129032,48.854838709677416
2001-05,1,16.646774193548385,1.9193548387096775,141.00806451612902,1010.6245967741935,97.53225806451613,5.314516129032258,63.596774193548384
2001-06,0,23.99416666666667,1.2,132.25,1005.4933333333333,96.96666666666667,6.054166666666666,40.416666666666664
2001-06,1,18.8275,1.7916666666666667,157.375,1009.0283333333333,97.56666666666666,5.420833333333333,60.1
2001-07,0,23.447177419354837,1.2016129032258065,160.58467741935485,1005.5987903225806,96.76209677419355,6.725806451612903,44.73790322580645
2001-07,1,21.69193548387097,1.3387096774193548,98.66935483870968,1011.7741935483871,97.58870967741936,3.4516129032258065,58.524193548387096
2001-08,0,22.899193548387096,1.2741935483870968,158.36693548387098,1008.2245967741936,96.43145161290323,5.185483870967742,48.05241935483871
2001-08,1,19.028225806451612,1.6209677419354838,151.41129032258064,1009.8056451612903,97.5241935483871,4.689516129032258,57.233870967741936
2001-09,0,16.550416666666667,1.1291666666666667,161.0,1015.4991666666666,96.16666666666667,4.454166666666667,50.979166666666664
2001-09,1,12.904166666666667,1.5541666666666667,115.16666666666667,1018.5616666666666,97.425,5.083333333333333,64.19583333333334
2001-10,0,8.51008064516129,0.9959677419354839,151.8951612903226,1022.066935483871,96.06451612903226,6.411290322580645,71.11290322580645
2001-10,1,3.9995967741935483,3.064516129032258,199.8790322580645,1015.5862903225806,97.3024193548387,7.923387096774194,79.16935483870968
2001-11,0,5.000416666666666,0.9416666666666667,149.08333333333334,1024.7291666666667,95.9125,7.033333333333333,75.6125
2001-11,1,-0.6958333333333333,1.9875,158.29166666666666,1022.9462500000001,97.16666666666667,7.820833333333334,85.275
2001-12,0,-6.097177419354838,0.7258064516129032,144.69758064516128,1033.671370967742,95.73387096774194,6.669354838709677,82.78629032258064
2001-12,1,-10.281451612903227,1.6209677419354838,107.33870967741936,1031.2782258064517,97.29838709677419,5.943548387096774,79.1975806451613
2002-01,0,-1.965725806451613,0.8185483870967742,125.56451612903226,1027.3379032258065,95.99193548387096,6.266129032258065,77.59677419354838
2002-01,1,-6.63508064516129,2.8951612903225805,193.5483870967742,1017.9741935483871,97.18548387096774,8.923387096774194,86.68548387096774
2002-02,0,-0.38705357142857144,0.8258928571428571,134.33035714285714,1025.5558035714287,95.96428571428571,6.183035714285714,76.40178571428571
2002-02,1,-3.8504464285714284,2.4464285714285716,158.25892857142858,1018.1598214285714,97.09821428571429,9.053571428571429,88.42410714285714
2002-03,0,7.312096774193549,1.1733870967741935,156.1290322580645,1019.7874999999999,96.03629032258064,7.205645161290323,67.40725806451613
2002-03,1,1.164516129032258,3.6451612903225805,174.55645161290323,1012.7229838709677,97.33467741935483,8.012096774193548,81.79435483870968
2002-04,0,9.718333333333334,1.0666666666666667,152.08333333333334,1017.9170833333334,96.19583333333334,8.325,73.77916666666667
2002-04,1,4.6329166666666675,2.525,106.83333333333333,1018.2395833333334,97.41666666666667,7.570833333333334,70.14166666666667
2002-05,0,15.691129032258065,1.2580645161290323,172.27822580645162,1014.2866935483871,96.53629032258064,7.294354838709677,65.93548387096774
2002-05,1,10.853225806451613,2.5403225806451615,176.9758064516129,1013.4540322580646,97.57661290322581,4.657258064516129,59.028225806451616
2002-06,0,21.11,1.125,143.32083333333333,1007.57625,96.75416666666666,6.3875,59.34166666666667
2002-06,1,17.907083333333333,1.2708333333333333,136.20833333333334,1008.775,97.55833333333334,5.129166666666666,61.8875
2002-07,0,22.796370967741936,1.1008064516129032,141.25,1007.3495967741936,96.77016129032258,4.846774193548387,51.78225806451613
2002-07,1,23.23346774193548,0.9838709677419355,72.94354838709677,1014.2669354838711,97.625,3.3024193548387095,52.600806451612904
2002-08,0,24.166935483870965,1.0887096774193548,149.2741935483871,1006.5362903225806,96.45967741935483,3.9798387096774195,48.44758064516129
2002-08,1,19.025,1.3709677419354838,151.08870967741936,1009.7024193548388,97.56451612903226,5.116935483870968,55.37096774193548
2002-09,0,18.334166666666665,1.0291666666666666,136.16666666666666,1016.1970833333332,96.125,3.1333333333333333,46.49583333333333
2002-09,1,16.132916666666667,1.7166666666666666,142.20833333333334,1018.24,97.475,4.5625,50.27916666666667
2002-10,0,11.61209677419355,0.7943548387096774,123.38709677419355,1021.1532258064516,96.01612903225806,5.645161290322581,67.125
2002-10,1,5.312096774193549,1.4758064516129032,116.85483870967742,1020.2987903225807,97.41532258064517,5.435483870967742,68.56451612903226
2002-11,0,5.2975,0.9041666666666667,138.4375,1025.7770833333334,96.0125,6.204166666666667,71.00416666666666
2002-11,1,-0.8179166666666667,1.6708333333333334,157.79166666666666,1023.1116666666666,97.30416666666666,7.466666666666667,80.1625
2002-12,0,-5.380241935483871,0.7379032258064516,125.84677419354838,1030.0883064516129,95.67338709677419,7.129032258064516,82.0524193548387
2002-12,1,-19.028629032258067,0.8669354838709677,96.65322580645162,1028.079435483871,97.20161290322581,6.116935483870968,85.02016129032258
2003-01,0,-1.9189516129032258,0.7217741935483871,130.70564516129033,1026.6439516129033,95.91129032258064,7.040322580645161,76.41129032258064
2003-01,1,-11.741532258064517,1.5524193548387097,110.00806451612904,1023.4000000000001,97.23387096774194,6.75,85.61290322580645
2003-02,0,-2.544642857142857,0.8616071428571429,140.17857142857142,1022.8785714285714,95.89732142857143,6.973214285714286,76.27232142857143
2003-02,1,-12.643749999999999,1.9196428571428572,114.20535714285714,1022.7482142857143,97.26785714285714,6.4375,81.6875
2003-03,0,3.127016129032258,0.9032258064516129,143.89112903225808,1022.8221774193548,95.91532258064517,7.032258064516129,73.4274193548387
2003-03,1,-8.803629032258065,0.9919354838709677,78.37903225806451,1024.7975806451611,97.29032258064517,5.770161290322581,82.33870967741936
2003-04,0,7.3375,1.0458333333333334,143.125,1021.59,96.17083333333333,7.233333333333333,65.025
2003-04,1,4.56125,1.7625,103.08333333333333,1024.3625,97.45833333333333,5.220833333333333,64.5375
2003-05,0,15.64274193548387,1.1370967741935485,143.79032258064515,1015.2471774193548,96.61693548387096,6.911290322580645,60.721774193548384
2003-05,1,14.91008064516129,1.3790322580645162,119.19354838709677,1013.5056451612903,97.56854838709677,5.487903225806452,68.98790322580645
2003-06,0,20.396666666666665,0.9208333333333333,120.1875,1009.0166666666667,96.79583333333333,5.895833333333333,60.19166666666667
2003-06,1,16.78375,1.8583333333333334,158.83333333333334,1007.6091666666667,97.57083333333334,6.758333333333334,65.55
2003-07,0,21.22258064516129,1.096774193548387,141.18951612903226,1006.7177419354839,96.6975806451613,6.399193548387097,59.78225806451613
2003-07,1,21.00241935483871,0.7056451612903226,75.76612903225806,1010.6741935483872,97.5524193548387,5.096774193548387,73.78629032258064
2003-08,0,22.121370967741935,1.1008064516129032,131.7540322580645,1009.3217741935483,96.59677419354838,4.32258064516129,50.346774193548384
2003-08,1,22.54758064516129,0.7903225806451613,85.76612903225806,1013.575,97.60483870967742,4.274193548387097,59.479838709677416
2003-09,0,17.9725,0.8666666666666667,96.47916666666667,1014.3675000000001,96.19583333333334,4.383333333333334,50.275
2003-09,1,14.88875,1.0875,118.83333333333333,1018.4220833333333,97.5,4.270833333333333,59.74166666666667
2003-10,0,11.070967741935483,0.7943548387096774,91.59274193548387,1021.3903225806451,96.11290322580645,5.991935483870968,57.45967741935484
2003-10,1,6.579032258064516,1.2379032258064515,85.56451612903226,1022.019758064516,97.3991935483871,5.040322580645161,61.516129032258064
2003-11,0,1.2595833333333333,0.8583333333333333,98.04166666666667,1027.1183333333333,95.8625,8.033333333333333,80.9625
2003-11,1,-3.1300000000000003,0.8708333333333333,94.08333333333333,1026.79,97.2,7.75,80.45833333333333
2003-12,0,-2.360483870967742,0.6411290322580645,73.46774193548387,1030.2991935483872,95.7258064516129,6.112903225806452,76.76209677419355
2003-12,1,-5.387499999999999,1.3508064516129032,158.0241935483871,1024.2237903225807,97.1975806451613,8.524193548387096,82.72983870967742
2004-01,0,-3.010887096774194,0.7862903225806451,85.84677419354838,1025.829435483871,95.58467741935483,7.278225806451613,81.39112903225806
2004-01,1,-11.37741935483871,0.6330645161290323,49.63709677419355,1027.2689516129033,97.28629032258064,5.459677419354839,80.41129032258064
2004-02,0,-0.10086206896551725,0.7112068965517241,85.64655172413794,1025.5185344827585,95.99568965517241,6.2155172413793105,74.15086206896552
2004-02,1,-8.442241379310344,1.3879310344827587,88.62068965517241,1022.1469827586208,97.27586206896552,6.724137931034483,78.24137931034483
2004-03,0,5.189112903225807,0.9233870967741935,78.30645161290323,1024.047177419355,96.06048387096774,8.35483870967742,65.81451612903226
2004-03,1,-2.8588709677419355,1.4475806451612903,117.90322580645162,1022.7366935483872,97.27016129032258,7.379032258064516,81.2741935483871
2004-04,0,12.265416666666665,0.9291666666666667,93.89583333333333,1017.3383333333334,96.21666666666667,6.891666666666667,59.7625
2004-04,1,6.7875,1.7833333333333334,138.0,1017.4225,97.49166666666666,6.104166666666667,61.78333333333333
2004-05,0,17.38790322580645,0.9112903225806451,93.4475806451613,1013.5270161290323,96.63709677419355,6.020161290322581,51.221774193548384
2004-05,1,16.316532258064516,1.1975806451612903,105.68548387096774,1014.391129032258,97.60887096774194,4.979838709677419,55.935483870967744
2004-06,0,22.11958333333333,0.9333333333333333,88.9375,1008.9933333333333,96.775,5.233333333333333,47.975
2004-06,1,21.104166666666668,1.7958333333333334,123.29166666666667,1011.3495833333333,97.59166666666667,5.366666666666666,51.8875
2004-07,0,23.55564516129032,0.9032258064516129,90.56451612903226,1005.7975806451612,96.66532258064517,6.431451612903226,51.61693548387097
2004-07,1,22.036290322580644,0.7419354838709677,92.09677419354838,1008.7673387096773,97.55645161290323,4.661290322580645,60.983870967741936
2004-08,0,23.23467741935484,0.8467741935483871,88.50806451612904,1007.0592741935484,96.43951612903226,5.30241935483871,42.36290322580645
2004-08,1,20.65201612903226,0.717741935483871,73.14516129032258,1014.4979838709677,97.58870967741936,3.6653225806451615,57.983870967741936
2004-09,0,18.040416666666665,0.8,81.625,1016.7154166666667,96.14583333333333,3.9375,49.50416666666667
2004-09,1,16.15791666666667,1.0,111.83333333333333,1017.8504166666667,97.5125,4.479166666666667,54.97083333333333
2004-10,0,10.045967741935485,0.6491935483870968,62.943548387096776,1023.8262096774193,96.02016129032258,5.076612903225806,56.931451612903224
2004-10,1,6.287903225806452,1.8064516129032258,173.38709677419354,1018.8201612903225,97.37096774193549,7.491935483870968,71.90725806451613
2004-11,0,5.812083333333334,0.6,55.083333333333336,1023.5270833333333,95.9375,6.204166666666667,73.87916666666666
2004-11,1,0.5845833333333333,1.3083333333333333,140.16666666666666,1018.69375,97.25416666666666,8.7875,85.34166666666667
2004-12,0,-3.1391129032258065,0.4032258064516129,45.806451612903224,1028.7451612903226,95.6774193548387,7.383064516129032,81.16935483870968
2004-12,1,-8.96048387096774,0.7862903225806451,96.53225806451613,1023.6116935483872,97.20161290322581,8.32258064516129,85.56854838709677
2005-01,0,-5.880645161290323,0.5685483870967742,66.08870967741936,1027.8237903225806,95.8024193548387,7.467741935483871,80.8024193548387
2005-01,1,-13.27741935483871,1.4314516129032258,72.29838709677419,1028.8818548387096,97.27822580645162,5.762096774193548,80.16532258064517
2005-02,0,-7.599553571428571,0.40625,32.857142857142854,1029.3875,95.75446428571429,6.459821428571429,75.94196428571429
2005-02,1,-17.958482142857143,0.84375,34.464285714285715,1033.5629464285714,97.34375,2.825892857142857,73.39732142857143
2005-03,0,7.264112903225806,0.5967741935483871,59.01209677419355,1019.5133064516128,95.99596774193549,5.431451612903226,65.8508064516129
2005-03,1,-4.451209677419355,2.153225806451613,150.24193548387098,1016.6500000000001,97.33870967741936,7.241935483870968,80.04838709677419
2005-04,0,13.0175,1.0625,92.85416666666667,1019.27875,96.2375,5.7625,53.4875
2005-04,1,6.502916666666667,1.3416666666666666,116.45833333333333,1021.0704166666667,97.51666666666667,5.395833333333333,72.32083333333334
2005-05,0,17.173387096774192,0.9838709677419355,110.14112903225806,1013.0419354838709,96.43548387096774,7.560483870967742,58.020161290322584
2005-05,1,17.56693548387097,1.0766129032258065,98.91129032258064,1016.6423387096773,97.62096774193549,4.754032258064516,60.70161290322581
2005-06,0,23.622916666666665,1.1416666666666666,115.04166666666667,1006.6670833333334,96.74166666666666,5.379166666666666,43.525
2005-06,1,21.115833333333335,1.2791666666666666,146.79166666666666,1008.2429166666666,97.61666666666666,5.416666666666667,52.895833333333336
2005-07,0,26.38064516129032,1.1612903225806452,110.96774193548387,1003.6963709677419,96.67338709677419,4.955645161290323,36.45967741935484
2005-07,1,23.864516129032257,0.9637096774193549,113.10483870967742,1007.9532258064515,97.61693548387096,4.451612903225806,49.30241935483871
2005-08,0,22.038709677419355,0.9516129032258065,112.5,1007.2314516129032,96.41129032258064,5.955645161290323,48.560483870967744
2005-08,1,20.021370967741937,0.9838709677419355,109.6774193548387,1011.2750000000001,97.6008064516129,4.423387096774194,55.13306451612903
2005-09,0,20.144166666666667,0.8916666666666667,88.1875,1013.5320833333334,96.2125,4.270833333333333,43.6625
2005-09,1,15.185416666666667,0.8208333333333333,89.41666666666667,1018.4074999999999,97.50416666666666,3.5791666666666666,58.0375
2005-10,0,12.485887096774194,0.717741935483871,85.15725806451613,1021.7822580645161,96.06451612903226,4.681451612903226,48.24193548387097
2005-10,1,7.689112903225807,1.1814516129032258,92.86290322580645,1022.5169354838711,97.36693548387096,4.653225806451613,63.895161290322584
2005-11,0,3.4066666666666667,0.6916666666666667,71.25,1027.5925,95.80833333333334,4.879166666666666,69.92916666666666
2005-11,1,-1.7345833333333334,0.8,97.99583333333334,1028.4079166666666,97.06666666666666,6.425,85.58333333333333
2005-12,0,-2.471774193548387,0.5362903225806451,50.66532258064516,1030.2604838709678,95.73790322580645,4.915322580645161,70.83467741935483
2005-12,1,-5.870564516129033,1.2741935483870968,138.26612903225808,1028.1653225806451,97.21774193548387,7.903225806451613,83.03225806451613
2006-01,0,-8.483467741935485,0.7620967741935484,62.03629032258065,1030.8056451612904,95.88709677419355,7.120967741935484,77.36290322580645
2006-01,1,-19.840725806451612,1.3709677419354838,115.16129032258064,1030.632258064516,97.25,5.870967741935484,76.50806451612904
2006-02,0,1.7562499999999999,0.9241071428571429,81.74107142857143,1024.9964285714286,95.93303571428571,6.870535714285714,72.34821428571429
2006-02,1,-9.898214285714285,1.4598214285714286,128.57142857142858,1022.2825892857143,97.32142857142857,6.334821428571429,80.92857142857143
2006-03,0,7.579032258064516,0.8991935483870968,93.91129032258064,1019.6403225806451,96.0524193548387,6.625,62.63709677419355
2006-03,1,0.23629032258064514,1.9596774193548387,134.63709677419354,1020.0455645161289,97.375,5.584677419354839,70.82661290322581
2006-04,0,13.267083333333334,1.0916666666666666,91.95833333333333,1017.3254166666667,96.26666666666667,4.983333333333333,55.24583333333333
2006-04,1,9.503333333333334,1.65,122.375,1016.4775000000001,97.47916666666667,7.245833333333334,57.579166666666666
2006-05,0,17.52741935483871,1.0806451612903225,103.06451612903226,1014.8435483870968,96.38709677419355,6.584677419354839,56.721774193548384
2006-05,1,15.435483870967742,1.6088709677419355,142.13709677419354,1017.5290322580646,97.58870967741936,4.979838709677419,55.270161290322584
2006-06,0,22.36958333333333,1.0291666666666666,120.20833333333333,1009.0324999999999,96.77916666666667,5.8375,46.42916666666667
2006-06,1,24.014583333333334,1.425,157.66666666666666,1012.7104166666667,97.60833333333333,3.8666666666666667,49.175
2006-07,0,24.112903225806452,0.9959677419354839,121.04838709677419,1005.383064516129,96.75403225806451,4.995967741935484,44.028225806451616
2006-07,1,21.014112903225808,1.8064516129032258,168.38709677419354,1010.761693548387,97.60887096774194,4.040322580645161,49.44758064516129
2006-08,0,24.532661290322583,0.9919354838709677,123.4274193548387,1007.3028225806452,96.3991935483871,3.064516129032258,33.193548387096776
2006-08,1,22.864919354838708,1.5725806451612903,138.26612903225808,1012.9620967741936,97.60483870967742,3.0766129032258065,43.266129032258064
2006-09,0,17.679166666666667,0.9625,103.91666666666667,1015.0854166666667,96.08333333333333,3.975,47.541666666666664
2006-09,1,14.818333333333333,1.7333333333333334,162.25,1016.4316666666667,97.4875,4.0875,53.204166666666666
2006-10,0,13.33991935483871,1.0,104.55645161290323,1019.9189516129032,96.03225806451613,6.024193548387097,64.0
2006-10,1,6.729838709677419,1.2983870967741935,128.30645161290323,1020.8040322580645,97.40322580645162,6.82258064516129,73.4274193548387
2006-11,0,5.509166666666667,0.775,85.625,1022.4475,96.03333333333333,7.545833333333333,70.77916666666667
2006-11,1,-3.174583333333333,1.8583333333333334,135.04166666666666,1021.1566666666666,97.27916666666667,7.725,80.21666666666667
2006-12,0,-2.334274193548387,0.8467741935483871,105.40322580645162,1028.6943548387096,95.43548387096774,5.733870967741935,76.23790322580645
2006-12,1,-4.76975806451613,3.153225806451613,209.2741935483871,1020.9612903225806,97.08870967741936,9.40725806451613,86.33064516129032
2007-01,0,-2.800806451612903,0.6290322580645161,82.1975806451613,1030.1709677419356,95.82661290322581,5.080645161290323,70.45564516129032
2007-01,1,-4.503225806451613,3.0080645161290325,171.33064516129033,1018.4375,97.23387096774194,9.189516129032258,82.0725806451613
2007-02,0,0.5424107142857143,0.7544642857142857,82.07589285714286,1021.8330357142858,95.61160714285714,6.522321428571429,76.85267857142857
2007-02,1,-9.774553571428571,2.4285714285714284,143.125,1019.4294642857143,97.19196428571429,7.535714285714286,78.34375
2007-03,0,3.6173387096774197,0.7459677419354839,95.28225806451613,1021.9866935483872,95.91129032258064,6.870967741935484,70.12903225806451
2007-03,1,-7.636290322580645,1.3306451612903225,124.83870967741936,1027.3854838709678,97.26209677419355,5.17741935483871,72.61290322580645
2007-04,0,14.91875,0.85,97.5625,1016.8479166666667,96.24166666666666,6.6125,63.25
2007-04,1,5.682916666666667,2.1416666666666666,162.54166666666666,1017.1804166666666,97.31666666666666,7.345833333333333,73.56666666666666
2007-05,0,17.445564516129032,0.8548387096774194,111.875,1015.2846774193548,96.49193548387096,5.826612903225806,60.971774193548384
2007-05,1,16.21451612903226,2.5524193548387095,185.24193548387098,1014.5983870967742,97.59677419354838,5.004032258064516,62.44758064516129
2007-06,0,22.917083333333334,0.7458333333333333,89.45833333333333,1006.2095833333333,96.65833333333333,5.404166666666667,45.40833333333333
2007-06,1,18.985416666666666,1.9041666666666666,171.58333333333334,1009.0516666666666,97.5875,5.058333333333334,56.479166666666664
2007-07,0,24.576209677419353,0.8669354838709677,106.45161290322581,1004.1536290322581,96.625,6.298387096774194,46.04032258064516
2007-07,1,22.596370967741933,1.846774193548387,159.83870967741936,1007.3504032258064,97.625,4.399193548387097,55.350806451612904
2007-08,0,23.408467741935485,0.6451612903225806,81.69354838709677,1007.3100806451613,96.45564516129032,4.125,40.983870967741936
2007-08,1,23.979435483870965,1.064516129032258,98.26612903225806,1014.3721774193548,97.61693548387096,2.088709677419355,45.5
2007-09,0,19.615416666666665,0.7291666666666666,93.52083333333333,1013.5020833333333,96.04583333333333,3.0625,37.9
2007-09,1,15.125833333333333,1.4125,143.04166666666666,1019.1166666666667,97.4875,3.7333333333333334,56.99166666666667
2007-10,0,9.29233870967742,0.49193548387096775,55.88709677419355,1026.1145161290322,96.00403225806451,3.629032258064516,55.846774193548384
2007-10,1,5.542338709677419,0.8104838709677419,121.08870967741936,1029.254435483871,97.0524193548387,3.3911290322580645,65.43548387096774
2007-11,0,5.18375,0.5541666666666667,67.10416666666667,1023.15625,95.75416666666666,6.1625,67.59583333333333
2007-11,1,-5.734166666666667,1.625,152.83333333333334,1022.635,97.125,7.141666666666667,81.07916666666667
2007-12,0,-4.286290322580645,0.5524193548387096,61.33064516129032,1029.7677419354839,95.59677419354838,7.516129032258065,82.82661290322581
2007-12,1,-15.984677419354838,1.5564516129032258,112.41935483870968,1029.2975806451611,97.28629032258064,4.221774193548387,79.52822580645162
2008-01,0,-10.458467741935483,0.4596774193548387,46.975806451612904,1033.7290322580645,95.68145161290323,6.17741935483871,81.125
2008-01,1,-17.796370967741936,1.689516129032258,120.40322580645162,1035.0177419354839,97.26209677419355,6.048387096774194,75.26209677419355
2008-02,0,-4.384913793103448,0.4870689655172414,43.03879310344828,1030.534051724138,95.83620689655173,6.327586206896552,75.28879310344827
2008-02,1,-11.916810344827585,3.211206896551724,160.86206896551724,1025.4827586206898,97.08620689655173,6.737068965517241,81.67241379310344
2008-03,0,9.208064516129031,0.8387096774193549,82.33870967741936,1018.0879032258064,95.97177419354838,6.657258064516129,56.58870967741935
2008-03,1,1.9576612903225807,2.7903225806451615,154.23387096774192,1014.0213709677419,97.31854838709677,6.975806451612903,73.70967741935483
2008-04,0,12.854583333333332,0.6458333333333334,71.16666666666667,1015.9,96.20833333333333,6.15,50.4375
2008-04,1,9.917083333333332,1.7541666666666667,121.91666666666667,1018.8808333333333,97.5375,4.820833333333334,56.704166666666666
2008-05,0,20.643951612903226,0.7943548387096774,92.3991935483871,1009.9350806451613,96.40725806451613,6.060483870967742,48.13709677419355
2008-05,1,15.486693548387096,1.8991935483870968,139.83870967741936,1013.2879032258064,97.56854838709677,5.983870967741935,62.92741935483871
2008-06,0,24.81625,0.8541666666666666,95.3,1005.3720833333333,96.65833333333333,5.629166666666666,37.69583333333333
2008-06,1,19.78125,1.9625,164.04166666666666,1009.23,97.60416666666667,5.145833333333333,52.06666666666667
2008-07,0,25.79758064516129,0.9879032258064516,119.6774193548387,1003.2826612903226,96.60483870967742,5.608870967741935,41.38709677419355
2008-07,1,24.924193548387095,1.3266129032258065,142.45967741935485,1007.8370967741936,97.61693548387096,4.80241935483871,52.92741935483871
2008-08,0,25.20766129032258,0.7701612903225806,89.49596774193549,1006.2693548387097,96.4475806451613,5.012096774193548,34.69758064516129
2008-08,1,23.08508064516129,1.4475806451612903,163.9516129032258,1012.4951612903226,97.58064516129032,3.5524193548387095,45.028225806451616
2008-09,0,18.398333333333333,0.8416666666666667,93.75,1013.1958333333333,96.06666666666666,4.920833333333333,43.079166666666666
2008-09,1,12.550416666666667,1.2875,132.625,1019.3708333333333,97.49583333333334,4.433333333333334,57.8
2008-10,0,10.644758064516129,0.6814516129032258,90.40322580645162,1022.1419354838711,96.00403225806451,6.645161290322581,67.6008064516129
2008-10,1,6.573387096774193,1.1008064516129032,139.53629032258064,1023.4927419354839,97.3225806451613,5.608870967741935,70.16129032258064
2008-11,0,3.7558333333333334,0.6333333333333333,60.541666666666664,1028.8645833333333,95.875,5.220833333333333,70.9875
2008-11,1,1.0725,1.3458333333333334,164.20833333333334,1025.0879166666666,97.15833333333333,6.779166666666667,84.8875
2008-12,0,-2.1516129032258067,0.75,71.3508064516129,1029.903629032258,95.52016129032258,6.705645161290323,79.04032258064517
2008-12,1,-9.911290322580646,0.8508064516129032,62.70161290322581,1032.9092741935483,97.25403225806451,4.375,76.90322580645162
2009-01,0,-2.604032258064516,0.6048387096774194,55.70564516129032,1028.1092741935483,95.78225806451613,5.431451612903226,73.54435483870968
2009-01,1,-13.97983870967742,0.9516129032258065,95.28225806451613,1026.2516129032258,97.1491935483871,6.524193548387097,82.97177419354838
2009-02,0,-0.9200892857142857,0.7589285714285714,73.87946428571429,1024.1915178571428,95.64732142857143,7.78125,81.88839285714286
2009-02,1,-11.767410714285715,1.6517857142857142,90.9375,1027.8066964285715,97.29464285714286,3.924107142857143,76.34821428571429
2009-03,0,6.341532258064516,0.8830645161290323,82.1975806451613,1019.6983870967742,95.9475806451613,6.879032258064516,67.77822580645162
2009-03,1,-1.230241935483871,1.7540322580645162,124.59677419354838,1019.5447580645161,97.15725806451613,6.463709677419355,80.53225806451613
2009-04,0,10.757083333333332,0.8125,93.72916666666667,1017.3879166666667,96.19583333333334,7.8,69.85
2009-04,1,4.822916666666667,2.629166666666667,169.125,1014.5754166666667,97.325,6.420833333333333,67.05416666666666
2009-05,0,16.36733870967742,0.8064516129032258,105.08064516129032,1015.2729838709678,96.54838709677419,6.5,53.91532258064516
2009-05,1,14.627016129032258,2.193548387096774,163.1048387096774,1014.075,97.50403225806451,6.068548387096774,62.516129032258064
2009-06,0,21.269166666666667,0.8833333333333333,104.125,1010.2929166666667,96.7625,5.779166666666667,44.333333333333336
2009-06,1,22.490833333333335,2.058333333333333,166.08333333333334,1017.0804166666666,97.575,2.9458333333333333,45.25833333333333
2009-07,0,23.988709677419354,0.9274193548387096,105.56451612903226,1004.7096774193549,96.67338709677419,5.064516129032258,37.564516129032256
2009-07,1,22.829435483870967,1.8629032258064515,186.81451612903226,1008.9975806451613,97.59677419354838,3.9556451612903225,44.70967741935484
2009-08,0,22.514112903225808,0.7782258064516129,90.86693548387096,1009.1766129032258,96.33467741935483,4.935483870967742,43.95161290322581
2009-08,1,19.568951612903227,1.8629032258064515,210.1209677419355,1010.4000000000001,97.52822580645162,5.943548387096774,58.65725806451613
2009-09,0,16.56,0.6041666666666666,62.958333333333336,1015.4516666666666,96.02083333333333,5.85,59.645833333333336
2009-09,1,15.447916666666666,1.4541666666666666,130.5,1019.1608333333334,97.45416666666667,4.654166666666667,59.9375
2009-10,0,11.406048387096773,0.592741935483871,60.20161290322581,1023.2217741935484,96.06451612903226,3.495967741935484,57.38709677419355
2009-10,1,6.377822580645161,1.9758064516129032,136.53225806451613,1024.8608870967741,97.39516129032258,4.19758064516129,62.48790322580645
2009-11,0,2.34125,0.6,65.91666666666667,1027.8566666666668,95.80833333333334,6.283333333333333,71.3
2009-11,1,-1.5179166666666668,1.5125,97.875,1027.49875,97.1875,6.7875,77.5875
2009-12,0,-2.2112903225806453,0.5887096774193549,68.54838709677419,1027.531048387097,95.70967741935483,7.116935483870968,77.57661290322581
2009-12,1,-10.40524193548387,1.7016129032258065,124.0725806451613,1027.4129032258065,97.16129032258064,6.334677419354839,77.75403225806451
2010-01,0,-1.5935483870967742,0.6411290322580645,62.45967741935484,1027.6100806451611,95.68951612903226,7.810483870967742,79.04838709677419
2010-01,1,-18.655645161290323,1.8790322580645162,118.38709677419355,1030.675806451613,97.24193548387096,5.048387096774194,72.63709677419355
2010-02,0,-4.796875,0.6160714285714286,44.888392857142854,1026.290625,95.375,6.665178571428571,82.33035714285714
2010-02,1,-15.883482142857144,2.424107142857143,110.08928571428571,1031.2419642857144,97.21875,3.9910714285714284,70.55357142857143
2010-03,0,3.9576612903225805,0.7379032258064516,83.75,1024.6193548387098,95.8024193548387,6.971774193548387,74.5241935483871
2010-03,1,-5.175806451612903,2.8024193548387095,157.74193548387098,1021.9104838709677,97.20564516129032,5.911290322580645,74.81451612903226
2010-04,0,12.075833333333332,0.9166666666666666,102.8125,1019.9054166666666,96.15,6.345833333333333,57.12083333333333
2010-04,1,7.535833333333333,3.1333333333333333,129.875,1020.0483333333334,97.4375,5.845833333333333,64.125
2010-05,0,16.385483870967743,0.9919354838709677,112.74193548387096,1014.453629032258,96.48387096774194,6.258064516129032,51.600806451612904
2010-05,1,17.69435483870968,2.379032258064516,114.3991935483871,1016.3919354838711,97.54435483870968,3.9879032258064515,42.153225806451616
2010-06,0,21.75583333333333,0.6958333333333333,96.89583333333333,1009.2658333333333,96.6,7.516666666666667,50.983333333333334
2010-06,1,25.043333333333333,1.8,148.0,1013.1966666666667,97.625,3.316666666666667,33.15
2010-07,0,23.611693548387095,0.8508064516129032,110.18145161290323,1006.4995967741935,96.58064516129032,6.391129032258065,43.810483870967744
2010-07,1,25.623790322580643,1.7943548387096775,164.61693548387098,1011.5564516129032,97.60483870967742,3.2620967741935485,40.45967741935484
2010-08,0,23.431451612903224,0.6290322580645161,70.26209677419355,1009.3318548387097,96.29435483870968,4.641129032258065,46.70564516129032
2010-08,1,24.961693548387096,1.8387096774193548,141.16935483870967,1012.4072580645161,97.5725806451613,4.411290322580645,40.358870967741936
2010-09,0,17.5675,0.5958333333333333,84.16666666666667,1015.9370833333334,96.04166666666667,5.0125,48.729166666666664
2010-09,1,15.434583333333334,1.8,157.41666666666666,1019.97125,97.425,3.283333333333333,43.31666666666667
2010-10,0,11.878629032258065,0.3870967741935484,53.568548387096776,1020.8943548387097,96.04838709677419,5.987903225806452,64.14112903225806
2010-10,1,5.087903225806452,1.5564516129032258,146.8951612903226,1022.2350806451612,97.38306451612904,5.608870967741935,66.6774193548387
2010-11,0,5.788749999999999,0.3625,34.458333333333336,1026.34,95.97083333333333,4.320833333333334,64.05416666666666
2010-11,1,2.6516666666666664,2.525,160.08333333333334,1021.1800000000001,97.125,6.933333333333334,86.18333333333334
2010-12,0,-2.387903225806452,0.4274193548387097,35.625,1029.438306451613,95.6975806451613,4.584677419354839,75.1774193548387
2010-12,1,-5.220967741935484,2.399193548387097,141.9758064516129,1025.3967741935483,97.16129032258064,7.120967741935484,79.52016129032258
2011-01,0,-8.801209677419354,0.3629032258064516,31.91532258064516,1033.2165322580645,95.64516129032258,4.189516129032258,72.63709677419355
2011-01,1,-16.156048387096774,1.7016129032258065,87.70161290322581,1031.7830645161291,97.27016129032258,4.443548387096774,73.04838709677419
2011-02,0,-2.466964285714286,0.46875,44.017857142857146,1023.0580357142857,95.75446428571429,8.098214285714286,81.20982142857143
2011-02,1,-17.085267857142856,1.7767857142857142,132.58928571428572,1022.3339285714285,97.125,5.098214285714286,80.14732142857143
2011-03,0,1.8431451612903227,0.5846774193548387,60.564516129032256,1027.6197580645162,95.9274193548387,6.141129032258065,67.76209677419355
2011-03,1,-7.453225806451614,2.3024193548387095,145.2016129032258,1025.0516129032258,97.1975806451613,6.524193548387097,79.81451612903226
2011-04,0,14.314583333333333,0.6875,73.10416666666667,1018.0054166666666,96.21666666666667,5.970833333333333,50.78333333333333
2011-04,1,7.452083333333333,2.120833333333333,167.33333333333334,1016.9033333333333,97.44166666666666,6.308333333333334,69.40416666666667
2011-05,0,17.76975806451613,0.782258064516129,84.33467741935483,1012.8677419354839,96.49596774193549,6.661290322580645,52.74596774193548
2011-05,1,15.904838709677419,2.181451612903226,155.32258064516128,1015.8189516129032,97.53225806451613,4.57258064516129,49.479838709677416
2011-06,0,22.603333333333335,0.7875,91.02083333333333,1005.3408333333333,96.65,6.445833333333334,48.52916666666667
2011-06,1,19.954583333333336,1.9666666666666666,171.08333333333334,1005.9954166666666,97.59166666666667,5.245833333333334,57.5375
2011-07,0,24.345967741935485,0.7741935483870968,83.81048387096774,1004.6725806451612,96.68548387096774,4.439516129032258,43.25806451612903
2011-07,1,25.61733870967742,1.6048387096774193,137.90322580645162,1011.4995967741935,97.60483870967742,3.689516129032258,49.67338709677419
2011-08,0,23.7875,0.6895161290322581,74.63709677419355,1006.3290322580646,96.43145161290323,5.141129032258065,43.96774193548387
2011-08,1,20.729032258064517,1.5725806451612903,145.6451612903226,1011.0358870967742,97.54838709677419,4.915322580645161,52.653225806451616
2011-09,0,19.118333333333332,0.5958333333333333,79.85,1012.2558333333333,96.075,3.2333333333333334,43.325
2011-09,1,15.054583333333333,1.7875,171.04166666666666,1013.2800000000001,97.4,6.291666666666667,60.32083333333333
2011-10,0,11.088709677419354,0.39919354838709675,49.23790322580645,1019.8681451612903,96.0,6.036290322580645,63.46774193548387
2011-10,1,6.243951612903226,1.4274193548387097,160.08064516129033,1019.5943548387097,97.40322580645162,5.959677419354839,75.41532258064517
2011-11,0,2.1816666666666666,0.4375,51.020833333333336,1024.8845833333332,95.52916666666667,6.583333333333333,81.09166666666667
2011-11,1,-7.298333333333333,2.3541666666666665,193.95833333333334,1021.4191666666667,97.06666666666666,7.6,84.13333333333334
2011-12,0,-4.782258064516129,0.41935483870967744,30.282258064516128,1032.3548387096773,95.50806451612904,7.411290322580645,83.43548387096774
2011-12,1,-12.403629032258063,1.7137096774193548,125.40322580645162,1031.3935483870969,97.13709677419355,5.838709677419355,84.5241935483871
2012-01,0,-7.793951612903226,0.38306451612903225,35.020161290322584,1029.6463709677419,95.63709677419355,6.701612903225806,77.20564516129032
2012-01,1,-13.58266129032258,2.060483870967742,84.15322580645162,1033.545564516129,97.29838709677419,4.604838709677419,76.03629032258064
2012-02,0,-6.488362068965517,0.46551724137931033,38.297413793103445,1027.3827586206896,95.64224137931035,6.8405172413793105,76.93103448275862
2012-02,1,-18.851724137931036,1.7327586206896552,97.28448275862068,1035.6728448275862,97.24568965517241,3.7672413793103448,78.75431034482759
2012-03,0,3.083870967741935,0.6935483870967742,67.11693548387096,1020.7709677419356,95.82661290322581,7.467741935483871,71.14112903225806
2012-03,1,-5.861290322580645,2.5201612903225805,161.9758064516129,1014.4229838709678,97.08064516129032,7.709677419354839,84.48387096774194
2012-04,0,16.092499999999998,0.7,77.0,1014.4808333333333,96.25,4.458333333333333,39.3375
2012-04,1,15.287083333333333,1.725,113.58333333333333,1015.4795833333334,97.5125,4.825,52.545833333333334
2012-05,0,18.460887096774194,0.6693548387096774,84.95967741935483,1012.308870967742,96.42338709677419,6.157258064516129,45.145161290322584
2012-05,1,18.49435483870968,1.7096774193548387,134.19354838709677,1015.5520161290323,97.58064516129032,4.608870967741935,50.068548387096776
2012-06,0,22.942083333333336,0.8416666666666667,103.79166666666667,1005.95875,96.57083333333334,6.416666666666667,44.30416666666667
2012-06,1,24.38125,1.6208333333333333,165.625,1008.7295833333334,97.5625,5.375,49.6
2012-07,0,25.36814516129032,0.6209677419354839,86.89516129032258,1003.7504032258065,96.53629032258064,4.782258064516129,38.53225806451613
2012-07,1,26.159274193548388,1.846774193548387,183.70967741935485,1011.2161290322581,97.60483870967742,5.084677419354839,39.95967741935484
2012-08,0,25.00483870967742,0.5040322580645161,73.87096774193549,1006.3350806451613,96.41935483870968,3.6129032258064515,32.721774193548384
2012-08,1,25.538306451612904,1.8346774193548387,194.59677419354838,1010.5423387096774,97.59274193548387,4.67741935483871,41.975806451612904
2012-09,0,19.33833333333333,0.38333333333333336,57.979166666666664,1012.98125,96.05833333333334,4.1,38.74166666666667
2012-09,1,14.522083333333335,1.85,189.75,1016.9470833333332,97.4875,4.75,54.94583333333333
2012-10,0,11.41008064516129,0.2782258064516129,30.907258064516128,1021.8524193548387,96.10887096774194,4.064516129032258,49.149193548387096
2012-10,1,8.815725806451614,1.9919354838709677,182.86290322580646,1022.0645161290323,97.33467741935483,5.770161290322581,61.435483870967744
2012-11,0,1.4558333333333333,0.4708333333333333,52.9375,1026.6083333333333,95.9,6.170833333333333,71.39166666666667
2012-11,1,-0.2945833333333333,2.225,215.91666666666666,1024.3454166666666,97.175,8.65,77.09583333333333
2012-12,0,-7.511693548387097,0.3387096774193548,30.887096774193548,1030.921370967742,95.68145161290323,5.705645161290323,78.35483870967742
2012-12,1,-12.061290322580644,1.75,99.63709677419355,1032.4245967741936,97.20564516129032,5.620967741935484,71.3991935483871
2013-01,0,-2.4040322580645164,0.4637096774193548,37.016129032258064,1024.811693548387,95.75806451612904,5.657258064516129,71.01209677419355
2013-01,1,-11.636693548387097,1.2419354838709677,123.34677419354838,1019.6149193548387,97.1008064516129,7.584677419354839,77.77822580645162
2013-02,0,-3.5839285714285714,0.5267857142857143,38.191964285714285,1028.3477678571428,95.48214285714286,5.669642857142857,82.09821428571429
2013-02,1,-10.195535714285715,1.4285714285714286,119.375,1029.279017857143,97.26785714285714,6.03125,76.46428571428571
2013-03,0,9.074193548387097,0.5725806451612904,64.13306451612904,1017.6149193548387,95.96370967741936,7.423387096774194,62.189516129032256
2013-03,1,-2.2528225806451614,2.5766129032258065,166.00806451612902,1016.1258064516129,97.31451612903226,7.346774193548387,77.91935483870968
2013-04,0,12.482916666666666,0.4875,70.45833333333333,1017.3325,96.14583333333333,5.616666666666666,59.516666666666666
2013-04,1,11.2775,2.1333333333333333,164.83333333333334,1015.6795833333333,97.4875,5.495833333333334,56.71666666666667
2013-05,0,16.976209677419355,0.5725806451612904,76.53225806451613,1014.1629032258064,96.43951612903226,5.786290322580645,51.58870967741935
2013-05,1,17.1,1.9798387096774193,167.45967741935485,1015.8318548387097,97.5,5.161290322580645,49.12096774193548
2013-06,0,21.21875,0.5333333333333333,66.5,1006.6254166666666,96.69166666666666,5.95,49.329166666666666
2013-06,1,22.56291666666667,1.9,152.375,1010.0758333333334,97.575,5.933333333333334,42.125
2013-07,0,24.40282258064516,0.5241935483870968,67.11693548387096,1003.546370967742,96.61693548387096,5.842741935483871,42.04435483870968
2013-07,1,22.53306451612903,1.5887096774193548,178.38709677419354,1006.0528225806452,97.58064516129032,4.862903225806452,49.49193548387097
2013-08,0,23.3383064516129,0.6008064516129032,73.58870967741936,1007.0758064516128,96.29838709677419,5.270161290322581,46.278225806451616
2013-08,1,20.42298387096774,1.4758064516129032,151.7741935483871,1010.4286290322581,97.48790322580645,5.794354838709677,65.54838709677419
2013-09,0,19.855,0.45416666666666666,59.770833333333336,1011.4925000000001,96.0375,3.3958333333333335,41.3625
2013-09,1,14.259166666666665,1.675,139.0,1014.2741666666666,97.42916666666666,5.975,62.87916666666667
2013-10,0,13.30241935483871,0.3467741935483871,41.270161290322584,1020.042741935484,95.97983870967742,3.475806451612903,51.70161290322581
2013-10,1,5.983064516129032,2.4193548387096775,181.0483870967742,1020.2483870967742,97.33870967741936,8.370967741935484,75.81854838709677
2013-11,0,3.6829166666666664,0.2375,28.791666666666668,1027.63125,95.91666666666667,4.8875,66.00416666666666
2013-11,1,2.1333333333333333,1.9958333333333333,158.04166666666666,1024.5804166666667,97.2625,6.4,80.32916666666667
2013-12,0,-1.740725806451613,0.47580645161290325,56.08870967741935,1028.593951612903,95.88709677419355,5.971774193548387,74.96774193548387
2013-12,1,-7.565725806451613,2.9475806451612905,187.01612903225808,1020.8379032258064,97.1008064516129,7.82258064516129,86.60887096774194
2014-01,0,-3.4044354838709676,0.3790322580645161,40.65725806451613,1027.5762096774192,95.85887096774194,6.495967741935484,73.11693548387096
2014-01,1,-14.206451612903225,2.342741935483871,172.21774193548387,1025.6004032258065,97.09274193548387,6.806451612903226,80.24596774193549
2014-02,0,-8.88125,0.5178571428571429,49.799107142857146,1032.1294642857142,95.82142857142857,7.263392857142857,76.67410714285714
2014-02,1,-17.115178571428572,1.6160714285714286,116.42857142857143,1031.7625,97.22321428571429,5.276785714285714,75.20982142857143
2014-03,0,3.7451612903225806,0.47580645161290325,50.604838709677416,1021.8181451612903,95.87096774193549,5.491935483870968,69.10483870967742
2014-03,1,-3.7,2.713709677419355,164.15322580645162,1018.0762096774193,97.21774193548387,6.370967741935484,82.23790322580645
2014-04,0,9.78375,0.65,67.14583333333333,1019.5291666666667,96.17916666666666,6.366666666666666,60.858333333333334
2014-04,1,5.5633333333333335,2.4875,186.125,1019.4387499999999,97.5125,4.7,57.74583333333333
2014-05,0,18.72258064516129,0.5,61.310483870967744,1012.7774193548387,96.50403225806451,4.193548387096774,39.42338709677419
2014-05,1,18.891935483870967,1.8669354838709677,136.65322580645162,1018.5362903225806,97.58870967741936,3.129032258064516,51.28225806451613
2014-06,0,22.735416666666666,0.5833333333333334,73.22916666666667,1008.39375,96.70833333333333,5.625,41.104166666666664
2014-06,1,22.767083333333336,2.091666666666667,171.20833333333334,1011.5133333333334,97.5625,4.429166666666666,44.11666666666667
2014-07,0,24.923387096774192,0.49193548387096775,63.42741935483871,1004.9270161290323,96.68951612903226,4.681451612903226,34.25806451612903
2014-07,1,20.558467741935484,2.407258064516129,210.6048387096774,1010.3524193548387,97.47983870967742,4.201612903225806,50.70161290322581
2014-08,0,24.04274193548387,0.46774193548387094,58.58870967741935,1007.8572580645161,96.40725806451613,3.3225806451612905,33.479838709677416
2014-08,1,24.384677419354837,1.5846774193548387,173.91129032258064,1011.2108870967742,97.59274193548387,3.5120967741935485,43.46370967741935
2014-09,0,18.115833333333335,0.375,45.0,1012.7375,96.03333333333333,5.508333333333334,41.7
2014-09,1,13.56625,1.5,161.20833333333334,1018.1070833333334,97.46666666666667,4.8875,51.979166666666664
2014-10,0,9.268951612903225,0.24193548387096775,31.83467741935484,1022.9580645161291,95.8991935483871,5.467741935483871,69.79032258064517
2014-10,1,3.987096774193548,2.5080645161290325,220.04032258064515,1020.1745967741934,97.24193548387096,6.133064516129032,71.48387096774194
2014-11,0,1.6116666666666668,0.2916666666666667,29.029166666666665,1026.9824999999998,95.82083333333334,6.958333333333333,76.94166666666666
2014-11,1,-4.637083333333334,1.4041666666666666,170.375,1030.1670833333333,97.14166666666667,6.5375,80.42916666666666
2014-12,0,-3.2205645161290324,0.22983870967741934,16.991935483870968,1031.0685483870968,95.76209677419355,5.463709677419355,76.3225806451613
2014-12,1,-8.548387096774194,2.217741935483871,159.91935483870967,1025.0665322580646,97.14112903225806,6.866935483870968,78.33467741935483
2015-01,0,-2.6794354838709675,0.3024193548387097,37.11693548387097,1026.7314516129031,95.7258064516129,6.568548387096774,74.93145161290323
2015-01,1,-13.470967741935485,1.9516129032258065,143.79032258064515,1024.8737903225806,97.17338709677419,5.826612903225806,74.81451612903226
2015-02,0,1.0575892857142857,0.3794642857142857,49.776785714285715,1023.3366071428571,95.84375,6.919642857142857,72.75892857142857
2015-02,1,-11.820535714285715,1.3794642857142858,147.23214285714286,1026.2125,97.21428571428571,5.522321428571429,75.84375
2015-03,0,4.395967741935484,0.4798387096774194,42.80241935483871,1023.7,95.86693548387096,7.19758064516129,65.8225806451613
2015-03,1,-5.974596774193548,1.875,147.21774193548387,1028.9745967741935,97.15322580645162,4.149193548387097,74.99193548387096
2015-04,0,13.955,0.5333333333333333,58.604166666666664,1016.5820833333333,96.11666666666666,6.7625,53.52916666666667
2015-04,1,6.35625,3.0833333333333335,165.16666666666666,1016.0300000000001,97.39166666666667,5.933333333333334,65.19166666666666
2015-05,0,18.99274193548387,0.43951612903225806,59.73790322580645,1012.496370967742,96.29435483870968,7.637096774193548,53.04032258064516
2015-05,1,15.603225806451613,1.9919354838709677,160.6451612903226,1012.8701612903226,97.51612903225806,5.794354838709677,66.23387096774194
2015-06,0,22.551666666666666,0.4,56.19583333333333,1007.34375,96.65416666666667,5.445833333333334,45.68333333333333
2015-06,1,25.1225,1.875,131.625,1011.5758333333334,97.53333333333333,3.2416666666666667,45.775
2015-07,0,27.264112903225808,0.5443548387096774,75.60483870967742,1003.3810483870968,96.58467741935483,5.620967741935484,36.46370967741935
2015-07,1,23.16290322580645,2.2096774193548385,200.80645161290323,1008.5943548387097,97.46370967741936,4.137096774193548,44.858870967741936
2015-08,0,23.718145161290323,0.5282258064516129,61.975806451612904,1008.5270161290323,96.33467741935483,5.05241935483871,41.358870967741936
2015-08,1,20.72056451612903,2.1653225806451615,214.59677419354838,1013.0133064516128,97.54435483870968,4.778225806451613,45.67338709677419
2015-09,0,15.682083333333333,0.35833333333333334,45.5875,1018.1783333333333,96.02916666666667,5.441666666666666,50.5375
2015-09,1,16.5775,1.4625,162.08333333333334,1021.1104166666667,97.45416666666667,3.8833333333333333,47.80416666666667
2015-10,0,11.521370967741936,0.5241935483870968,58.568548387096776,1020.991935483871,96.01612903225806,6.669354838709677,60.641129032258064
2015-10,1,4.184677419354839,2.407258064516129,187.78225806451613,1020.183064516129,97.2741935483871,6.580645161290323,62.38306451612903
2015-11,0,3.76,0.45,52.854166666666664,1023.5983333333334,95.86666666666666,7.75,77.18333333333334
2015-11,1,-2.922083333333333,2.3,150.22916666666666,1019.1720833333333,97.07083333333334,8.416666666666666,81.63333333333334
2015-12,0,0.1915322580645161,0.35080645161290325,36.53225806451613,1027.0306451612903,95.84274193548387,6.669354838709677,69.46370967741936
2015-12,1,-3.8362903225806453,3.3629032258064515,187.21774193548387,1015.4604838709678,96.93145161290323,8.90725806451613,85.7741935483871
2016-01,0,-0.9693548387096774,0.24193548387096775,31.431451612903224,1025.907258064516,95.59677419354838,6.5,83.36693548387096
2016-01,1,-12.463306451612903,2.7419354838709675,117.25806451612904,1024.0403225806451,97.12096774193549,7.125,80.58467741935483
2016-02,0,0.46810344827586203,0.20689655172413793,26.40948275862069,1029.5051724137932,95.99568965517241,3.9870689655172415,68.24568965517241
2016-02,1,-3.796551724137931,2.456896551724138,140.81896551724137,1026.5754310344828,97.16810344827586,8.008620689655173,83.46982758620689
2016-03,0,9.185887096774193,0.27419354838709675,20.403225806451612,1017.2137096774194,96.0,6.358870967741935,65.77016129032258
2016-03,1,-1.0467741935483872,3.3629032258064515,133.0241935483871,1015.5483870967741,96.99596774193549,7.778225806451613,83.57661290322581
2016-04,0,13.384166666666665,0.44166666666666665,53.895833333333336,1016.3733333333333,96.0875,7.6125,64.60416666666667
2016-04,1,9.787083333333333,2.1,149.20833333333334,1015.9091666666667,97.38333333333334,7.583333333333333,69.9625
2016-05,0,16.655241935483872,0.43951612903225806,61.34274193548387,1012.371370967742,96.31048387096774,8.040322580645162,63.854838709677416
2016-05,1,16.155645161290323,2.0483870967741935,127.54032258064517,1014.7899193548387,97.52016129032258,6.19758064516129,62.62096774193548
2016-06,0,23.097083333333334,0.36666666666666664,48.291666666666664,1007.9595833333333,96.58333333333333,5.5875,52.7
2016-06,1,19.7675,1.7333333333333334,179.70833333333334,1012.465,97.5375,5.158333333333333,58.5
2016-07,0,23.760483870967743,0.47580645161290325,60.38306451612903,1004.5310483870968,96.54032258064517,6.616935483870968,52.42741935483871
2016-07,1,22.32782258064516,1.778225806451613,173.42741935483872,1009.1818548387097,97.32661290322581,5.044354838709677,59.431451612903224
2016-08,0,22.87943548387097,0.33064516129032256,47.903225806451616,1008.983870967742,96.34274193548387,4.838709677419355,47.26209677419355
2016-08,1,24.85483870967742,1.0766129032258065,84.83870967741936,1017.9342741935484,97.625,2.318548387096774,49.62903225806452
2016-09,0,20.675833333333333,0.36666666666666664,45.75,1010.9804166666667,96.05416666666666,5.866666666666666,47.7375
2016-09,1,13.854166666666666,1.8875,168.66666666666666,1011.04375,97.42916666666666,6.220833333333333,69.275
2016-10,0,6.889919354838709,0.2903225806451613,40.483870967741936,1025.1387096774192,95.93548387096774,6.330645161290323,71.18951612903226
2016-10,1,3.983467741935484,1.532258064516129,135.80645161290323,1028.3024193548388,97.22983870967742,7.451612903225806,76.01209677419355
2016-11,0,0.24083333333333332,0.36666666666666664,38.645833333333336,1029.3683333333333,95.825,6.85,71.97916666666667
2016-11,1,-4.047083333333333,2.379166666666667,170.95833333333334,1029.5120833333333,97.24583333333334,7.0,75.2125
2016-12,0,0.5774193548387097,0.375,40.181451612903224,1025.675,95.68951612903226,7.717741935483871,78.15322580645162
2016-12,1,-10.973790322580646,2.600806451612903,184.07258064516128,1019.4133064516129,97.03225806451613,8.286290322580646,81.17338709677419
2017-01,0,-2.8822580645161286,0.3024193548387097,30.887096774193548,1027.633064516129,95.7741935483871,6.842741935483871,79.27016129032258
2017-01,1,-10.105241935483871,2.4516129032258065,147.5,1023.1552419354839,97.09677419354838,7.209677419354839,82.875
2017-02,0,-1.64375,0.33035714285714285,37.995535714285715,1027.0928571428572,95.91964285714286,6.178571428571429,76.37946428571429
2017-02,1,-12.123214285714285,2.7723214285714284,159.28571428571428,1022.2401785714285,97.00446428571429,6.950892857142857,81.61607142857143
2017-03,0,3.166129032258065,0.46774193548387094,44.435483870967744,1023.5774193548388,95.81451612903226,8.403225806451612,73.48790322580645
2017-03,1,-5.499193548387097,2.0846774193548385,127.45967741935483,1026.797177419355,97.24193548387096,4.774193548387097,81.98387096774194
2017-04,0,11.18375,0.44583333333333336,52.68333333333333,1020.3775,95.96666666666667,6.895833333333333,64.1
2017-04,1,5.94875,2.379166666666667,174.16666666666666,1020.4429166666666,97.39166666666667,4.904166666666667,68.10833333333333
2017-05,0,18.798387096774192,0.43548387096774194,56.350806451612904,1013.5153225806451,96.38306451612904,5.403225806451613,56.50806451612903
2017-05,1,14.639919354838709,2.6733870967741935,169.23387096774192,1014.7625,97.4758064516129,5.645161290322581,54.62903225806452
2017-06,0,22.439166666666665,0.37916666666666665,45.666666666666664,1007.5141666666666,96.64166666666667,6.295833333333333,51.50833333333333
2017-06,1,19.831666666666667,2.025,198.91666666666666,1008.9208333333333,97.56666666666666,5.658333333333333,54.94166666666667
2017-07,0,27.07177419354839,0.4435483870967742,58.36693548387097,1004.2064516129033,96.7741935483871,4.060483870967742,38.66935483870968
2017-07,1,23.578629032258064,1.7903225806451613,181.2701612903226,1010.5314516129032,97.5725806451613,4.766129032258065,49.931451612903224
2017-08,0,22.625,0.3467741935483871,46.108870967741936,1009.2225806451613,96.46370967741936,4.028225806451613,42.55241935483871
2017-08,1,23.750403225806455,1.7903225806451613,179.51612903225808,1015.2350806451612,97.59677419354838,3.8024193548387095,44.96774193548387
2017-09,0,19.122083333333332,0.29583333333333334,46.416666666666664,1013.8108333333333,95.9875,4.0125,39.7125
2017-09,1,15.54375,1.8875,165.29166666666666,1019.2800000000001,97.47916666666667,4.766666666666667,54.74583333333333
2017-10,0,10.751209677419356,0.28225806451612906,37.479838709677416,1020.3366935483871,96.0,5.310483870967742,56.07661290322581
2017-10,1,5.156451612903226,1.7419354838709677,155.88709677419354,1018.2979838709678,97.24193548387096,7.060483870967742,73.66532258064517
2017-11,0,5.089166666666667,0.36666666666666664,45.833333333333336,1025.3579166666666,95.95416666666667,5.875,68.6125
2017-11,1,1.1345833333333333,2.341666666666667,191.95833333333334,1024.225,97.15,8.1625,81.4
2017-12,0,-2.6298387096774194,0.2540322580645161,29.608870967741936,1030.6467741935483,95.35887096774194,6.794354838709677,83.51612903225806
2017-12,1,-10.58266129032258,2.4233870967741935,158.38709677419354,1029.7665322580644,97.16129032258064,5.725806451612903,83.52822580645162
2018-01,0,-10.412500000000001,0.2056451612903226,27.641129032258064,1032.566129032258,95.38306451612904,5.491935483870968,80.96370967741936
2018-01,1,-15.469354838709679,2.564516129032258,147.13709677419354,1033.0758064516128,97.19354838709677,5.096774193548387,78.15322580645162
2018-02,0,-2.351785714285714,0.27232142857142855,40.785714285714285,1026.990625,95.58035714285714,7.254464285714286,76.20089285714286
2018-02,1,-11.738839285714286,1.4464285714285714,152.99107142857142,1030.721875,97.20982142857143,6.169642857142857,81.69642857142857
2018-03,0,8.595161290322581,0.3346774193548387,47.0,1016.7342741935485,95.73790322580645,8.358870967741936,66.26209677419355
2018-03,1,-7.806451612903226,3.028225806451613,175.6451612903226,1018.7040322580646,97.25403225806451,6.145161290322581,78.12903225806451
2018-04,0,12.453750000000001,0.42916666666666664,53.458333333333336,1018.3016666666666,95.99166666666666,6.9625,58.05
2018-04,1,6.743333333333334,3.2125,236.70833333333334,1017.49,97.375,5.304166666666666,64.54166666666667
2018-05,0,16.379032258064516,0.40725806451612906,56.350806451612904,1014.2266129032258,96.43145161290323,6.403225806451613,51.935483870967744
2018-05,1,16.43588709677419,3.2943548387096775,206.79435483870967,1017.3072580645162,97.41532258064517,3.943548387096774,47.34274193548387
2018-06,0,22.305416666666666,0.45,57.07083333333333,1006.6791666666667,96.70416666666667,6.6,48.045833333333334
2018-06,1,18.809583333333332,2.7083333333333335,233.20833333333334,1009.7016666666666,97.41666666666667,4.466666666666667,51.45
2018-07,0,25.154838709677417,0.5,72.67338709677419,1003.0342741935484,96.7741935483871,5.286290322580645,41.395161290322584
2018-07,1,25.90201612903226,2.2661290322580645,132.13709677419354,1010.2145161290323,97.50806451612904,4.532258064516129,45.983870967741936
2018-08,0,24.41733870967742,0.5685483870967742,76.11290322580645,1006.6616935483871,96.44354838709677,4.435483870967742,41.846774193548384
2018-08,1,20.556451612903224,2.1129032258064515,193.8709677419355,1013.5677419354838,97.50403225806451,3.782258064516129,52.63306451612903
2018-09,0,17.3575,0.3541666666666667,42.266666666666666,1016.6595833333333,96.15,3.9458333333333333,45.295833333333334
2018-09,1,15.261666666666667,2.0416666666666665,171.91666666666666,1020.5858333333333,97.45416666666667,4.525,51.62083333333333
2018-10,0,10.977822580645162,0.31451612903225806,37.74193548387097,1022.3330645161291,96.0725806451613,6.459677419354839,59.36290322580645
2018-10,1,6.839516129032258,2.286290322580645,208.42741935483872,1021.2822580645161,97.3508064516129,5.225806451612903,63.34274193548387
2018-11,0,0.20875000000000002,0.3625,41.916666666666664,1029.245,95.87083333333334,6.858333333333333,71.45416666666667
2018-11,1,-4.465833333333333,1.5833333333333333,159.04166666666666,1028.9991666666667,97.2125,6.079166666666667,71.47083333333333
2018-12,0,-2.8205645161290325,0.22983870967741934,20.967741935483872,1029.3798387096774,95.51209677419355,7.189516129032258,81.9274193548387
2018-12,1,-9.918951612903227,1.221774193548387,111.00806451612904,1030.4915322580646,97.2258064516129,6.459677419354839,75.4475806451613
2019-01,0,-1.9415322580645162,0.22983870967741934,23.18548387096774,1025.5798387096775,95.77822580645162,6.717741935483871,79.88306451612904
2019-01,1,-12.304435483870968,1.7862903225806452,141.08870967741936,1023.9229838709678,97.11290322580645,6.419354838709677,80.3508064516129
2019-02,0,-1.5410714285714284,0.32589285714285715,18.816964285714285,1024.4058035714286,95.87053571428571,7.160714285714286,76.26785714285714
2019-02,1,-11.68125,2.1875,155.13392857142858,1022.7290178571428,97.16517857142857,6.464285714285714,78.20535714285714
2019-03,0,8.195564516129032,0.3790322580645161,36.61290322580645,1018.5056451612903,95.85887096774194,6.294354838709677,62.185483870967744
2019-03,1,-0.582258064516129,3.0806451612903225,174.59677419354838,1017.5633064516129,97.25403225806451,6.620967741935484,76.9758064516129
2019-04,0,12.764999999999999,0.4375,48.02916666666667,1016.1949999999999,96.00833333333334,8.7625,70.55833333333334
2019-04,1,8.224583333333333,2.5708333333333333,159.33333333333334,1018.7029166666667,97.475,4.733333333333333,53.145833333333336
2019-05,0,16.981048387096774,0.5,50.479838709677416,1015.129435483871,96.6008064516129,5.431451612903226,51.95967741935484
2019-05,1,17.79596774193548,2.625,165.7258064516129,1015.9754032258064,97.50403225806451,4.407258064516129,40.08064516129032
2019-06,0,22.292083333333334,0.49166666666666664,61.020833333333336,1008.185,96.84166666666667,6.225,47.125
2019-06,1,22.2625,2.0,188.08333333333334,1012.3129166666666,97.55416666666666,3.6125,40.416666666666664
2019-07,0,27.15282258064516,0.40725806451612906,42.560483870967744,1002.675,96.7741935483871,4.633064516129032,36.62903225806452
2019-07,1,24.572580645161292,2.036290322580645,186.8548387096774,1005.7028225806451,97.53225806451613,4.713709677419355,44.471774193548384
2019-08,0,24.861693548387095,0.3387096774193548,38.13709677419355,1007.1108870967741,96.5524193548387,4.32258064516129,40.653225806451616
2019-08,1,19.550403225806452,2.3266129032258065,198.6290322580645,1011.4262096774194,97.49596774193549,5.012096774193548,52.931451612903224
2019-09,0,18.547083333333333,0.32916666666666666,34.09583333333333,1014.41125,96.1875,5.725,51.38333333333333
2019-09,1,10.912916666666666,1.6958333333333333,154.45833333333334,1017.1637499999999,97.47916666666667,5.158333333333333,65.25833333333334
2019-10,0,11.46048387096774,0.25,33.91129032258065,1021.5733870967742,96.18548387096774,4.544354838709677,58.19758064516129
2019-10,1,8.00241935483871,2.161290322580645,170.1209677419355,1021.3274193548388,97.48790322580645,5.370967741935484,64.28225806451613
2019-11,0,1.2012500000000002,0.275,24.445833333333333,1030.1920833333334,95.8625,7.3,76.3625
2019-11,1,-4.684583333333333,1.6541666666666666,171.125,1032.8879166666668,97.25,5.979166666666667,72.71666666666667
2019-12,0,-0.8221774193548387,0.2661290322580645,27.217741935483872,1026.4907258064516,95.66935483870968,6.645161290322581,78.2741935483871
2019-12,1,-7.019354838709678,1.9879032258064515,166.19354838709677,1021.5278225806452,97.13306451612904,7.209677419354839,82.54435483870968
2020-01,0,-2.857258064516129,0.3185483870967742,30.282258064516128,1026.597177419355,95.8225806451613,6.866935483870968,78.95564516129032
2020-01,1,-5.767741935483872,3.125,197.54032258064515,1019.3157258064516,96.93145161290323,8.758064516129032,84.50806451612904
2020-02,0,1.705603448275862,0.34913793103448276,39.59051724137931,1024.1159482758621,95.90086206896552,7.219827586206897,73.25
2020-02,1,-5.325862068965517,2.6551724137931036,176.89655172413794,1018.7172413793103,97.21551724137932,7.172413793103448,82.6853448275862
2020-03,0,6.445161290322581,0.41935483870967744,54.79838709677419,1022.3548387096774,96.1008064516129,5.604838709677419,58.95564516129032
2020-03,1,0.8669354838709677,1.782258064516129,150.56451612903226,1025.4584677419355,97.22177419354838,5.395161290322581,70.51612903225806
2020-04,0,13.964166666666667,0.43333333333333335,51.645833333333336,1017.00625,96.12916666666666,7.0,61.75416666666667
2020-04,1,8.097083333333334,3.408333333333333,191.83333333333334,1013.5545833333333,97.54583333333333,6.75,58.291666666666664
2020-05,0,18.822580645161292,0.5967741935483871,63.770161290322584,1013.5887096774194,96.65322580645162,6.205645161290323,53.84274193548387
2020-05,1,17.720161290322583,2.3951612903225805,167.45967741935485,1013.4169354838709,97.53629032258064,4.57258064516129,54.016129032258064
2020-06,0,22.04416666666667,0.7,69.60416666666667,1007.8241666666667,96.97916666666667,6.6,40.6
2020-06,1,20.997916666666665,2.1458333333333335,158.125,1013.3333333333334,97.6,4.616666666666666,43.2125
2020-07,0,24.343548387096774,0.6935483870967742,67.45967741935483,1005.2205645161291,96.95564516129032,6.524193548387097,41.54032258064516
2020-07,1,25.25443548387097,1.6370967741935485,155.76612903225808,1011.0620967741935,97.59677419354838,3.6693548387096775,43.79032258064516
2020-08,0,23.999193548387098,0.46774193548387094,39.29435483870968,1005.5217741935484,96.72177419354838,5.532258064516129,42.528225806451616
2020-08,1,20.760887096774194,1.8548387096774193,180.8266129032258,1007.6092741935485,97.59274193548387,5.423387096774194,52.70967741935484
2020-09,0,16.77125,0.4375,38.108333333333334,1016.0516666666666,96.37083333333334,4.991666666666666,46.075
2020-09,1,13.35,1.8916666666666666,153.5,1019.52875,97.47916666666667,3.5083333333333333,54.17916666666667
2020-10,0,9.712096774193547,0.2782258064516129,28.447580645161292,1025.4705645161291,96.24596774193549,3.375,49.36290322580645
2020-10,1,6.40766129032258,1.7741935483870968,155.68548387096774,1027.7556451612902,97.45161290322581,4.721774193548387,53.693548387096776
2020-11,0,0.20833333333333334,0.3625,44.083333333333336,1030.0058333333334,95.76666666666667,6.641666666666667,66.60416666666667
2020-11,1,-4.909166666666667,1.2458333333333333,142.54166666666666,1030.3041666666666,97.275,5.266666666666667,76.1125
2020-12,0,-6.25,0.3467741935483871,34.46370967741935,1033.914516129032,95.42338709677419,7.588709677419355,82.62096774193549
2020-12,1,-13.646774193548387,0.8467741935483871,119.75806451612904,1037.7915322580645,97.18951612903226,5.616935483870968,80.62903225806451
2021-01,0,-5.661290322580645,0.2701612903225806,31.68951612903226,1031.2782258064517,95.79032258064517,5.407258064516129,73.35887096774194
2021-01,1,-11.139516129032257,1.4233870967741935,144.59677419354838,1028.7516129032258,97.25403225806451,6.544354838709677,78.47177419354838
2021-02,0,1.7397321428571428,0.40625,30.522321428571427,1023.9410714285714,95.66071428571429,6.272321428571429,70.84375
2021-02,1,-10.967857142857143,2.7098214285714284,186.875,1019.44375,96.92857142857143,7.455357142857143,78.85714285714286
2021-03,0,4.886290322580645,0.45161290322580644,54.766129032258064,1020.0233870967742,95.80645161290323,7.713709677419355,69.95161290322581
2021-03,1,-6.672580645161291,3.2701612903225805,166.08870967741936,1018.9072580645161,96.79032258064517,6.616935483870968,79.92338709677419
2021-04,0,12.452916666666665,0.5666666666666667,70.89583333333333,1019.1316666666667,96.16666666666667,6.108333333333333,48.795833333333334
2021-04,1,7.925416666666666,1.8416666666666666,114.58333333333333,1021.8920833333334,97.0,5.220833333333333,66.32083333333334
2021-05,0,19.476209677419355,0.6693548387096774,84.72983870967742,1012.3185483870968,96.47177419354838,6.548387096774194,51.61693548387097
2021-05,1,20.59758064516129,1.592741935483871,103.58870967741936,1016.8504032258064,96.98387096774194,3.2298387096774195,42.520161290322584
2021-06,0,23.022499999999997,0.8583333333333333,100.75,1007.59875,96.825,6.1125,39.13333333333333
2021-06,1,24.913333333333334,1.9833333333333334,152.58333333333334,1012.615,97.0,4.108333333333333,40.09583333333333
2021-07,0,27.178629032258065,0.8508064516129032,92.9274193548387,1002.1741935483872,96.86693548387096,5.625,36.806451612903224
2021-07,1,23.448790322580646,1.9879032258064515,196.8951612903226,1007.8483870967742,96.98387096774194,4.713709677419355,51.20564516129032
2021-08,0,24.600806451612904,0.657258064516129,85.36290322580645,1006.4608870967742,96.47983870967742,5.818548387096774,38.87903225806452
2021-08,1,24.211290322580645,1.1129032258064515,125.28225806451613,1015.0475806451612,97.0,2.310483870967742,41.00806451612903
2021-09,0,20.529999999999998,0.6375,69.32916666666667,1011.5224999999999,96.05,3.9458333333333333,36.09583333333333
2021-09,1,12.745416666666667,2.275,177.41666666666666,1015.9504166666667,96.99583333333334,5.254166666666666,51.67916666666667
2021-10,0,7.865322580645161,0.4112903225806452,54.475806451612904,1024.949193548387,96.08467741935483,5.173387096774194,61.278225806451616
2021-10,1,5.689919354838709,1.9112903225806452,184.19354838709677,1027.2657258064517,96.98387096774194,5.42741935483871,63.21774193548387
2021-11,0,1.1325,0.45416666666666666,65.75833333333334,1028.6395833333333,96.03333333333333,4.1,64.07083333333334
2021-11,1,-3.1508333333333334,2.575,189.41666666666666,1024.70625,96.8875,7.0625,72.5375
2021-12,0,1.2806451612903227,0.3870967741935484,43.21774193548387,1026.3112903225806,95.5241935483871,5.036290322580645,74.18951612903226
2021-12,1,-6.526209677419355,2.0806451612903225,151.7741935483871,1024.1592741935483,96.91935483870968,6.907258064516129,77.90725806451613
2022-01,0,-0.10927419354838708,0.4838709677419355,60.766129032258064,1021.8362903225806,95.31854838709677,5.838709677419355,78.61693548387096
2022-01,1,-9.957258064516129,2.100806451612903,135.04032258064515,1019.7080645161291,96.9758064516129,7.616935483870968,80.08870967741936
2022-02,0,-1.0973214285714286,0.4955357142857143,62.91517857142857,1025.465625,95.67410714285714,5.508928571428571,74.29017857142857
2022-02,1,-5.8625,1.7678571428571428,168.03571428571428,1022.3357142857143,96.87053571428571,7.861607142857143,82.91071428571429
2022-03,0,5.640322580645161,0.7258064516129032,80.38306451612904,1020.2508064516129,95.79838709677419,8.133064516129032,74.81048387096774
2022-03,1,-6.779435483870968,2.8870967741935485,143.75,1020.316129032258,96.87096774193549,6.217741935483871,77.5
2022-04,0,16.694583333333334,0.6666666666666666,70.02916666666667,1014.005,96.20416666666667,5.745833333333334,48.31666666666667
2022-04,1,10.88125,1.7916666666666667,149.20833333333334,1016.5116666666667,96.9625,6.120833333333334,65.39583333333333
2022-05,0,18.961290322580645,0.592741935483871,72.1774193548387,1010.9290322580645,96.35483870967742,6.504032258064516,57.600806451612904
2022-05,1,13.241129032258065,2.620967741935484,202.94354838709677,1011.8104838709677,96.94354838709677,6.318548387096774,62.92338709677419
2022-06,0,24.336666666666666,0.725,88.71666666666667,1005.1808333333333,96.82916666666667,6.054166666666666,42.15416666666667
2022-06,1,20.298333333333336,1.7,216.45833333333334,1009.2504166666666,96.98333333333333,4.2125,54.59166666666667
2022-07,0,26.407661290322583,0.6774193548387096,81.6975806451613,1003.5213709677419,96.79838709677419,5.286290322580645,35.75806451612903
2022-07,1,22.852016129032258,1.3508064516129032,145.84677419354838,1010.4088709677419,96.94354838709677,5.076612903225806,55.59274193548387
2022-08,0,22.585887096774194,0.6129032258064516,79.7258064516129,1008.4814516129032,96.375,4.883064516129032,40.649193548387096
2022-08,1,23.25564516129032,1.4919354838709677,106.41129032258064,1018.5241935483871,96.99596774193549,2.346774193548387,42.91532258064516
2022-09,0,21.08875,0.4625,58.9625,1011.5941666666666,96.0375,3.3375,35.395833333333336
2022-09,1,15.6875,1.7375,181.16666666666666,1015.4516666666666,96.99166666666666,5.320833333333334,51.5125
2022-10,0,11.07016129032258,0.4435483870967742,55.66532258064516,1022.2258064516129,96.0524193548387,5.229838709677419,54.971774193548384
2022-10,1,6.513306451612903,1.8064516129032258,174.23387096774192,1022.8395161290323,96.96774193548387,5.939516129032258,62.88306451612903
2022-11,0,3.0120833333333334,0.44166666666666665,59.84166666666667,1024.4154166666667,95.6,6.895833333333333,79.525
2022-11,1,-2.32625,2.691666666666667,180.125,1020.4804166666667,96.97916666666667,8.808333333333334,78.48333333333333
2022-12,0,-4.547580645161291,0.43548387096774194,40.55241935483871,1032.5923387096775,95.60887096774194,4.629032258064516,82.57661290322581
2022-12,1,-11.685483870967742,1.217741935483871,139.8991935483871,1034.9237903225808,96.99193548387096,4.568548387096774,71.3991935483871
2023-01,0,-6.586290322580646,0.4435483870967742,66.35887096774194,1033.8270161290322,95.79838709677419,4.455645161290323,81.66935483870968
2023-01,1,-15.62258064516129,1.6370967741935485,132.41935483870967,1034.278629032258,96.93951612903226,3.8911290322580645,72.41532258064517
2023-02,0,0.11428571428571425,0.4732142857142857,62.754464285714285,1023.8200892857143,95.76785714285714,7.053571428571429,76.63839285714286
2023-02,1,-10.797767857142857,2.3080357142857144,151.16071428571428,1021.7700892857143,96.95089285714286,6.741071428571429,76.24553571428571
2023-03,0,8.493145161290323,0.45564516129032256,58.24596774193548,1018.6362903225806,95.91129032258064,5.064516129032258,63.04032258064516
2023-03,1,1.5165322580645162,2.4233870967741935,145.5241935483871,1019.0096774193548,96.93548387096774,5.826612903225806,74.22177419354838
2023-04,0,11.882916666666667,0.6541666666666667,83.4,1017.20125,96.125,5.416666666666667,53.3
2023-04,1,10.19125,2.7583333333333333,130.08333333333334,1018.0816666666667,96.97083333333333,5.0375,50.725
2023-05,0,17.219758064516128,0.7258064516129032,73.73387096774194,1014.7415322580645,96.28225806451613,5.213709677419355,47.08467741935484
2023-05,1,17.067741935483873,1.9838709677419355,96.29032258064517,1018.3189516129032,96.99193548387096,5.165322580645161,49.49193548387097
2023-06,0,24.614166666666666,0.6583333333333333,82.575,1005.2554166666666,96.47083333333333,6.595833333333333,41.725
2023-06,1,21.760416666666668,2.075,171.33333333333334,1010.1620833333333,96.98333333333333,5.683333333333334,44.325
2023-07,0,27.166129032258063,0.5887096774193549,63.520161290322584,1004.3064516129032,96.45967741935483,4.520161290322581,37.67338709677419
2023-07,1,24.451612903225808,1.7580645161290323,182.6209677419355,1007.6693548387096,97.0,5.717741935483871,53.233870967741936
2023-08,0,24.49274193548387,0.7016129032258065,72.9758064516129,1006.3310483870968,96.18548387096774,5.391129032258065,42.600806451612904
2023-08,1,22.075806451612905,1.5806451612903225,213.79032258064515,1010.2830645161291,97.0,4.536290322580645,48.88306451612903
2023-09,0,17.4825,0.525,57.333333333333336,1014.83,95.9125,7.0875,57.25833333333333
2023-09,1,14.69125,0.8875,164.85416666666666,1018.39625,96.95833333333333,5.454166666666667,66.37916666666666
